"A customer with the same email already exists in an associated website.","A customer with the same email already exists in an associated website."
"About us (Magento CMS)","About us (Magento CMS)"
"About us","About us"
"Add a discount code","Add a discount code"
"Add discount code","Apply"
"Add to cart","Add to cart"
"Add to compare","Add to compare"
"Add to favorite","Add to favorite"
"Additional Information","Additional Information"
"Amount","Amount"
"Allow notification about the order","Allow notification about the order"
"Are you sure you would like to remove all the items from the shopping cart?","Are you sure you would like to remove all the items from the shopping cart?"
"Are you sure you would like to remove all the items from the wishlist?","Are you sure you would like to remove all the items from the wishlist?"
"Author","Author"
"Authorization in progress ...","Authorization in progress ..."
"Back to login","Back to login"
"Back","Back"
"Billing address","Billing address"
"Cancel","Cancel"
"Cash on delivery","Cash on delivery"
"Categories","Categories"
"Change my password","Change my password"
"Changed your mind?","Changed your mind?"
"Choose your country","Choose your country"
"City *","City *"
"City","City"
"Clear all","Clear all"
"Clear cart","Clear cart"
"Clear filters","Clear filters"
"Clear wishlist","Clear wishlist"
"Clear","Clear"
"Close","Close"
"Cms Page Sync","Cms Page Sync"
"Colour","Colour"
"Columns","Columns"
"Company name *","Company name *"
"Company name","Company name"
"Compare products","Compare products"
"Confirm your order","Confirm your order"
"Contact us","Contact us"
"Continue to payment","Continue to payment"
"Continue to shipping","Continue to shipping"
"Copy address data from shipping","Copy address data from shipping"
"Country *","Country *"
"Country","Country"
"Create a new account","Create a new account"
"Current password *","Current password *"
"Custom Cms Page","Custom Cms Page"
"Customer service (Magento CMS)","Customer service (Magento CMS)"
"Customer service","Customer service"
"DPD Courier","DPD Courier"
"Date and time","Date and time"
"Delivery","Delivery"
"Departments","Departments"
"Description","Description"
"Discount code","Discount code"
"Discount","Discount"
"Don't hesitate and","Don't hesitate and"
"Done","Done"
"E-mail address *","E-mail address *"
"E-mail us at <b>demo@vuestorefront.io</b> with any questions, suggestions how we could improve products or shopping experience","E-mail us at <b>demo@vuestorefront.io</b> with any questions, suggestions how we could improve products or shopping experience"
"Earn credits with every purchase","Earn credits with every purchase"
"Easy shipping","Easy shipping"
"Edit newsletter preferences","Edit newsletter preferences"
"Edit payment","Edit payment"
"Edit personal details","Edit personal details"
"Edit shipping","Edit shipping"
"Edit your profile","Edit your profile"
"Edit your shipping details","Edit your shipping details"
"Edit","Edit"
"Email address *","Email address *"
"Email address","Email address"
"English","English"
"Enjoy these perks with your free account!","Enjoy these perks with your free account!"
"Enter your email to receive instructions on how to reset your password.","Enter your email to receive instructions on how to reset your password."
"Erin recommends","Erin recommends"
"Error while sending reset password e-mail","Error while sending reset password e-mail"
"Everything new","Everything new"
"Extension developers would like to thank you for placing an order!","Extension developers would like to thank you for placing an order!"
"Faster checkout","Faster checkout"
"Field is required","Field is required"
"Filter by categories","Filter by categories"
"Filter","Filter"
"Filters","Filters"
"First name *","First name *"
"First name","First name"
"Forgot the password?","Forgot the password?"
"Full rewards program benefits","Full rewards program benefits"
"General agreement","General agreement"
"German","German"
"Germany","Germany"
"Get inspired","Get inspired"
"Give a feedback","Give a feedback"
"Go review the order","Go review the order"
"Go to Facebook","Go to Facebook"
"Go to Instagram","Go to Instagram"
"Go to Pinterest","Go to Pinterest"
"Go to Youtube","Go to Youtube"
"Go to checkout","Go to checkout"
"Help","Help"
"Hide products","Hide products"
"Home","Home"
"House/Apartment number *","House/Apartment number *"
"House/Apartment number","House/Apartment number"
"I accept ","I accept "
"I accept terms and conditions","I accept terms and conditions"
"I agree to","I agree to"
"I have a company and want to receive an invoice for every order","I have a company and want to receive an invoice for every order"
"I want to create an account","I want to create an account"
"I want to create an account'","I want to create an account'"
"I want to generate an invoice for the company","I want to generate an invoice for the company"
"I want to receive a newsletter, and agree to its terms","I want to receive a newsletter, and agree to its terms"
"If you need an assistance you can drop us a line on","If you need an assistance you can drop us a line on"
"Instant Checkout","Instant Checkout"
"Internal Server Error 500","Internal Server Error 500"
"It carefully packaged with a personal touch","It carefully packaged with a personal touch"
"Italian","Italian"
"Italy","Italy"
"Item","Item"
"Items ordered","Items ordered"
"Kidswear","Kidswear"
"Last name *","Last name *"
"Last name","Last name"
"Latest","Latest"
"Legal notice","Legal notice"
"Load more","Load more"
"Log in to your account","Log in to your account"
"Log in","Log in"
"Login to your account","Login to your account"
"Logout","Logout"
"Magazine","Magazine"
"Manage your wishlist","Manage your wishlist"
"Men's fashion","Men's fashion"
"My Account","My Account"
"My Recently viewed products","My Recently viewed products"
"My account","My account"
"My loyalty card","My loyalty card"
"My newsletter","My newsletter"
"My orders","My orders"
"My product reviews","My product reviews"
"My profile","My profile"
"My shipping details","My shipping details"
"Name must have at least 2 letters.","Name must have at least 2 letters."
"Name must have at least 3 letters.","Name must have at least 3 letters."
"New Luma Yoga Collection","New Luma Yoga Collection"
"New password *","New password *"
"Newsletter","Newsletter"
"No orders yet","No orders yet"
"No products found!","No products found!"
"No products yet","No products yet"
"No results were found.","No results were found."
"No reviews have been posted yet. Please don't hesitate to share Your opinion and write the first review!","No reviews have been posted yet. Please don't hesitate to share Your opinion and write the first review!"
"OK","OK"
"Open menu","Open menu"
"Open microcart","Open microcart"
"Open my account","Open my account"
"Open search panel","Open search panel"
"Open wishlist","Open wishlist"
"Order #{id}","Order #{id}"
"Order details","Order details"
"Order ID","Order ID"
"Order review","Order review"
"Order Summary","Order Summary"
"Order confirmation","Order confirmation"
"Order informations","Order informations"
"Orders","Orders"
"Others","Others"
"Password *","Password *"
"Password must have at least 8 letters.","Password must have at least 8 letters."
"Passwords must be identical","Passwords must be identical"
"Passwords must be identical.","Passwords must be identical."
"Password must contain at least 3 different character classes: lower case, upper case, digits, special characters.","Password must contain at least 3 different character classes: lower case, upper case, digits, special characters."
"Payment method","Payment method"
"Payment","Payment"
"Personal Details","Personal Details"
"Phone Number","Phone Number"
"Phone number may be needed by carrier","Phone number may be needed by carrier"
"Place the order","Place the order"
"Please change Your search criteria and try again. If still not finding anything relevant, please visit the Home page and try out some of our bestsellers!","Please change Your search criteria and try again. If still not finding anything relevant, please visit the Home page and try out some of our bestsellers!"
"Please check if all data are correct","Please check if all data are correct"
"Please confirm order you placed when you was offline","Please confirm order you placed when you was offline"
"Please provide valid e-mail address.","Please provide valid e-mail address."
"Please provide valid phone number","Please provide valid phone number."
"Price {variant}","Price {variant}"
"Price","Price"
"Price: High to low","Price: High to low"
"Price: Low to high","Price: Low to high"
"Product {productName} has been removed from wishlist!","Product {productName} has been removed from wishlist!"
"Product {productName} has been added to wishlist!","Product {productName} has been added to wishlist!"
"Privacy policy","Privacy policy"
"Product Name","Product Name"
"Product details","Product details"
"Products","Products"
"Products found","Products found"
"Purchase","Purchase"
"Qty","Qty"
"Quantity","Quantity"
"Register an account","Register an account"
"Register","Register"
"Remake order","Remake order"
"Remember me","Remember me"
"Remove from compare","Remove from compare"
"Remove","Remove"
"Repeat new password *","Repeat new password *"
"Repeat password *","Repeat password *"
"Repeat password","Repeat password"
"Reset password","Reset password"
"Resetting the password ... ","Resetting the password ... "
"Rest assured, we offer free returns within 30 days","Rest assured, we offer free returns within 30 days"
"Return policy","Return policy"
"Return to shopping","Return to shopping"
"Returns","Returns"
"Review order","Review order"
"SKU","SKU"
"SKU: {sku}","SKU: {sku}"
"Safety","Safety"
"Sale","Sale"
"Search","Search"
"Searched term should consist of at least 3 characters.","Searched term should consist of at least 3 characters."
"See details","See details"
"See our bestsellers","See our bestsellers"
"Select No","Select No"
"Select Yes","Select Yes"
"Select color ","Select color "
"Select size {variant}","Select size {variant}"
"Ship to my default address","Ship to my default address"
"Shipping address","Shipping address"
"Shipping method","Shipping method"
"Shipping","Shipping"
"Shopping cart","Shopping cart"
"Show products","Show products"
"Show subcategories","Show subcategories"
"Sign up to our newsletter and receive a coupon for 10% off!","Sign up to our newsletter and receive a coupon for 10% off!"
"Similar products","Similar products"
"Size","Size"
"Size guide","Size guide"
"Social","Social"
"Something went wrong ...","Something went wrong ..."
"Something went wrong. Try again in a few seconds.","Something went wrong. Try again in a few seconds."
"Sort By","Sort By"
"State / Province","State / Province"
"Status","Status"
"Store locator","Store locator"
"Street name *","Street name *"
"Street name","Street name"
"Subscribe to the newsletter and receive a coupon for 10% off","Subscribe to the newsletter and receive a coupon for 10% off"
"Subscribe","Subscribe"
"Subtotal","Subtotal"
"Tax ID *","Tax ID *"
"Tax ID must have at least 3 letters.","Tax ID must have at least 3 letters."
"Tax identification number *","Tax identification number *"
"Tax identification number","Tax identification number"
"Tax identification number must have at least 3 letters.","Tax identification number must have at least 3 letters."
"Tax","Tax"
"Terms and conditions","Terms and conditions"
"The OrderNumber is {id}","The Order Number is {id}"
"The new account will be created with the purchase. You will receive details on e-mail.","The new account will be created with the purchase. You will receive details on e-mail."
"The order can not be transfered because of server error. Order has been queued","The order can not be transfered because of server error. Order has been queued"
"The server order id has been set to ","The server order id has been set to "
"This product is out of stock.","This product is out of stock."
"To finish the order just come back to our store while online. Your order will be sent to the server as soon as you come back here while online and then confirmed regarding the stock quantities of selected items","To finish the order just come back to our store while online. Your order will be sent to the server as soon as you come back here while online and then confirmed regarding the stock quantities of selected items"
"Toggle password visibility","Toggle password visibility"
"Track my order","Track my order"
"Type your opinion","Type your opinion"
"Type","Type"
"Unfortunately we can't find the page you are looking for.","Unfortunately we can't find the page you are looking for."
"United States","United States"
"Update my preferences","Update my preferences"
"Update my profile","Update my profile"
"Update my shipping details","Update my shipping details"
"Use my billing data","Use my billing data"
"Use my company's address details","Use my company's address details"
"Use my company's address details","Use my company's address details"
"Value","Value"
"View","View"
"View all","View all"
"View order","View order"
"Vuestore","Vuestore"
"We can't find the page","We can't find the page"
"We found other products you might like","We found other products you might like"
"We use cookies to give you the best shopping experience.","We use cookies to give you the best shopping experience."
"We will send you details regarding the order","We will send you details regarding the order"
"We will send you the invoice to given e-mail address","We will send you the invoice to given e-mail address"
"We've noticed Internal Server Error while rendering this request.","We've noticed Internal Server Error while rendering this request."
"We've sent password reset instructions to your email. Check your inbox and follow the link.","We've sent password reset instructions to your email. Check your inbox and follow the link."
"What we can improve?","What we can improve?"
"Wishlist","Wishlist"
"Women fashion","Women fashion"
"You are logged in as {firstname}","You are logged in as {firstname}"
"You are offline","You are offline"
"You are offline. Some features might not be available.","You are offline. Some features might not be available."
"You can allow us to remind you about the order via push notification after coming back online. You'll only need to click on it to confirm.","You can allow us to remind you about the order via push notification after coming back online. You'll only need to click on it to confirm."
"You can also use","You can also use"
"You can log to your account using e-mail and password defined earlier. On your account you can <b>edit your profile data,</b> check <b>history of transactions,</b> edit <b>subscription to newsletter.</b>","You can log to your account using e-mail and password defined earlier. On your account you can <b>edit your profile data,</b> check <b>history of transactions,</b> edit <b>subscription to newsletter.</b>"
"You have been successfully subscribed to our newsletter!","You have been successfully subscribed to our newsletter!"
"You have been successfully unsubscribed from our newsletter!","You have been successfully unsubscribed from our newsletter!"
"You have no items to compare.","You have no items to compare."
"You can check status of your order by using our delivery status feature. You will receive an order confirmation e-mail with details of your order and a link to track its progress.","You can check status of your order by using our delivery status feature. You will receive an order confirmation e-mail with details of your order and a link to track its progress."
"You must accept the terms and conditions.","You must accept the terms and conditions."
"You will receive Push notification after coming back online. You can confirm the order by clicking on it","You will receive Push notification after coming back online. You can confirm the order by clicking on it"
"You will receive Push notification about the order.","You will receive Push notification about the order."
"You’ll receive dispatch confirmation and an arrival date","You’ll receive dispatch confirmation and an arrival date"
"You've entered an incorrect coupon code. Please try again.","You've entered an incorrect coupon code. Please try again."
"Your Account","Your Account"
"Your feedback is important for us. Let us know what we could improve.","Your feedback is important for us. Let us know what we could improve."
"Your purchase","Your purchase"
"Your wishlist is empty.","Your wishlist is empty."
"Zip-code *","Zip-code *"
"Zip-code must have at least 3 letters.","Zip-code must have at least 3 letters."
"Zip-code","Zip-code"
"a chat","a chat"
"a contact page","a contact page"
"browse our catalog","browse our catalog"
"color","color"
"color_filter","Color"
"erin_recommends_filter","Erin Recommends"
"login","login"
"or write to us through","or write to us through"
"or","or"
"price_filter","Price"
"register an account","register an account"
"return to log in","return to log in"
"search","search"
"size","size"
"size_filter","Size"
"to find product you were looking for.","to find product you were looking for."
"to find something beautiful for You!","to find something beautiful for You!"
"{count} items","{count} items"
"My Cart","My Cart"
"Your bag is empty","Your bag is empty"
"Looks like you haven’t added any items to the bag yet. Start shopping to fill it in.","Looks like you haven’t added any items to the bag yet. Start shopping to fill it in."
"Start shopping","Start shopping"
"Total items","Total items"
"Save for later","Save for later"
"Total","Total"
"Your email","Your email"
"Password","Password"
"Remember me","Remember me"
"Login","Login"
"Forgotten password?","Forgotten password?"
"Don't have an account yet?","Don't have an account yet?"
"Register now","Register now"
"First Name","First Name"
"Last Name","Last Name"
"I want to create an account","I want to create an account"
"Create an account","Create an account"
"login in to your account","login in to your account"
"Read all {review} review","Read all {review} review"
"Shipping details","Shipping details"
"Loyalty Card","Loyalty Card"
"Order details","Order details"
"Order history","Order history"
"My reviews","My reviews"
"Log out","Log out"
"Read all {count} review","Read all {count} review"
"{count} Reviews","{count} Reviews"
"Similar Products","Similar Products"
"Description","Description"
"Read reviews","Read reviews"
"Leave me review","Leave me review"
"Personal data","Personal data"
"Password change","Password change"
"Feel free to edit any of your details below so your account is always up to date","Feel free to edit any of your details below so your account is always up to date"
"Update personal data","Update personal data"
"At Brand name, we attach great importance to privacy issues and are committed to protecting the personal data of our users. Learn more about how we care and use your personal data in the","At Brand name, we attach great importance to privacy issues and are committed to protecting the personal data of our users. Learn more about how we care and use your personal data in the"
"Current Password","Current Password"
"New Password","New Password"
"Repeat Password","Repeat Password"
"Update password","Update password"
"Privacy Policy","Privacy Policy"
"If you want to change the password to access your account, enter the following information:","If you want to change the password to access your account, enter the following information:"
"Your current email address is","Your current email address is"
"or login to your account","or login to your account"
"Change the address","Change the address"
"Manage all the shipping addresses you want (work place, home address ...) This way you won\'t have to enter the shipping address manually with each order.","Manage all the shipping addresses you want (work place, home address ...) This way you won\'t have to enter the shipping address manually with each order."
"Add new address","Add new address"
"Keep your addresses and contact details updated.","Keep your addresses and contact details updated."
"Update the address","Update the address"
"This feature is not implemented yet! Please take a look at","This feature is not implemented yet! Please take a look at"
"for our Roadmap!","for our Roadmap!"
"Check the details and status of your orders in the online store. You can also cancel your order or request a return.","Check the details and status of your orders in the online store. You can also cancel your order or request a return."
"You currently have no orders","You currently have no orders"
"Best get shopping pronto...","Best get shopping pronto..."
"Start shopping","Start shopping"
"Download","Download"
"Download all","Download all"
"VIEW","VIEW"
"Homepage","Homepage"
"Order date","Order date"
"Return to home","Return to home"
"Street Name","Street Name"
"House/Apartment number","House/Apartment number"
"State/Province","State/Province"
"Phone number","Phone number"
"Delete discount code","Delete discount code"
"It's ordered!","It's ordered!"
"Order No.","Order No."
"You've successfully placed the order","You've successfully placed the order"
"Allow order notifications","Allow order notifications"
"Send my feedback","Send my feedback"
"Back to shop","Back to shop"
"Confirmation of receival","Confirmation of receival"
"Profile","Profile"
"Cart","Cart"
"Product suggestions","Product suggestions"
"Thumbnail","Thumbnail"
"Subscribe to Newsletters","Subscribe to Newsletters"
"Be aware of upcoming sales and events. Receive gifts and special offers!","Be aware of upcoming sales and events. Receive gifts and special offers!"
"E-mail address","E-mail address"
"An error occured while loading the component.","An error occured while loading the component."
"Component couldn't be loaded due to lack of network connectivity.","Component couldn't be loaded due to lack of network connectivity."
"Try again","Try again"
"Bestsellers","Bestsellers"
"Share Your Look","Share Your Look"
"or fill the details below","or fill the details below"
"Details","Details"
"Review","Review"
"Menu","Menu"
"Selected variant is out of stock","Selected variant is out of stock"
